{"cameraMode":{"drawMode":0,"name":"Shaded","section":"Shading Mode"},"sceneLighting":true,"audioPlay":false,"sceneViewState":{"m_AlwaysRefresh":false,"showFog":true,"showSkybox":true,"showFlares":true,"showImageEffects":true,"showParticleSystems":true,"showVisualEffectGraphs":true,"m_FxEnabled":true},"in2DMode":false,"pivot":{"x":23.306215286254884,"y":0.04584134370088577,"z":44.606807708740237},"rotation":{"x":0.4339301288127899,"y":-0.0025773392990231516,"z":0.001600825460627675,"w":0.9010418057441711},"size":2.422085762023926,"orthographic":false}